sponsor,sponsor_normalized,ror
"ANRS, Emerging Infectious Diseases",ANRS Maladies infectieuses émergentes,https://ror.org/01kv58h76
ANRS,ANRS Maladies infectieuses émergentes,https://ror.org/01kv58h76
Agence nationale de recherches sur le sida et les hépatites virales. ANRS.,ANRS Maladies infectieuses émergentes,https://ror.org/01kv58h76
Inserm-ANRS,ANRS Maladies infectieuses émergentes,https://ror.org/01kv58h76
Agence nationale de recherches sur le sida et les hépatites virales. ANRS,ANRS Maladies infectieuses émergentes,https://ror.org/01kv58h76
Agence nationale de recherches sur le sida et les hépatites virales ANRS,ANRS Maladies infectieuses émergentes,https://ror.org/01kv58h76
INSERM ANRS,ANRS Maladies infectieuses émergentes,https://ror.org/01kv58h76
Agence nationale de recherches sur le sida et les hépatites virales,ANRS Maladies infectieuses émergentes,https://ror.org/01kv58h76
French National Agency for Research on AIDS and Viral Hepatitis,ANRS Maladies infectieuses émergentes,https://ror.org/01kv58h76
Assistance Publique Hopitaux De Marseille,Assistance publique - Hôpitaux de Marseille,https://ror.org/002cp4060
Assistance Publique Hôpitaux de MARSEILLE,Assistance publique - Hôpitaux de Marseille,https://ror.org/002cp4060
Aix Marseille Université,Université d'Aix-Marseille,https://ror.org/035xkbk20
Assistance Pubique Hôpitaux de Marseille,Assistance publique - Hôpitaux de Marseille,https://ror.org/002cp4060
Assistance Publique-Hôpitaux de Marseille,Assistance publique - Hôpitaux de Marseille,https://ror.org/002cp4060
Assistance Publique - Hôpitaux de Paris,Assistance Publique – Hôpitaux de Paris,https://ror.org/00pg5jh14
ASSISTANCE PUBLIQUE - HOPITAUX DE PARIS (AP-HP),Assistance Publique – Hôpitaux de Paris,https://ror.org/00pg5jh14
ASSISTANCE PUBLIQUE - HOPITAUX DE PARIS,Assistance Publique – Hôpitaux de Paris,https://ror.org/00pg5jh14
Assistance Publique – Hôpitaux de Paris (AP-HP),Assistance Publique – Hôpitaux de Paris,https://ror.org/00pg5jh14
Assistance Publique - Hôpitaux de Paris (AP-HP),Assistance Publique – Hôpitaux de Paris,https://ror.org/00pg5jh14
Assistance Publique – Hôpitaux de Paris,Assistance Publique – Hôpitaux de Paris,https://ror.org/00pg5jh14
ASSISTANCE PUBLIQUE HÔPITAUX DE PARIS,Assistance Publique – Hôpitaux de Paris,https://ror.org/00pg5jh14
ASSISTANCE PUBLIQUE - HOPITAUX DE PARIS ( AP-HP),Assistance Publique – Hôpitaux de Paris,https://ror.org/00pg5jh14
ASSISTANCE PUBLIQUE - HÔPITAUX DE PARIS (APHP),Assistance Publique – Hôpitaux de Paris,https://ror.org/00pg5jh14
ASSISTANCE PUBLIQUE DES HOPITAUX DE PARIS,Assistance Publique – Hôpitaux de Paris,https://ror.org/00pg5jh14
Assistance Publique- Hôpiaux de Paris,Assistance Publique – Hôpitaux de Paris,https://ror.org/00pg5jh14
ASSISTANCE PUBLIQUE – HÔPITAUX DE PARIS - Direction de la Recherche Clinique et de l’Innovation,Assistance Publique – Hôpitaux de Paris,https://ror.org/00pg5jh14
ASSISTANCE PUBLIQUE-HOPITAUX DE PARIS,Assistance Publique – Hôpitaux de Paris,https://ror.org/00pg5jh14
ASSISTANCE PUBLIQUE -HOPITAUX DE PARIS,Assistance Publique – Hôpitaux de Paris,https://ror.org/00pg5jh14
ASSISTANCE PUBLIQUE-HOPITAUX DE PARIS (APHP),Assistance Publique – Hôpitaux de Paris,https://ror.org/00pg5jh14
Assistance Publique Hôpitaux de Paris/DRCI,Assistance Publique – Hôpitaux de Paris,https://ror.org/00pg5jh14
Assistance Publique-Hopitaux de Paris(AP-HP),Assistance Publique – Hôpitaux de Paris,https://ror.org/00pg5jh14
ASSISTANCE PUBLIQUE - HOPITAUX DE PARIS (APHP),Assistance Publique – Hôpitaux de Paris,https://ror.org/00pg5jh14
Assitance Publique-Hopiaux de Paris,Assistance Publique – Hôpitaux de Paris,https://ror.org/00pg5jh14
ASSISTANCE PUBLIQUE-HOPITAUX DE PARIS (AP-HP),Assistance Publique – Hôpitaux de Paris,https://ror.org/00pg5jh14
Assistance Publique – Hôpitaux de Paris / DRCI,Assistance Publique – Hôpitaux de Paris,https://ror.org/00pg5jh14
Assitance Publique - Hôpitaux de Paris,Assistance Publique – Hôpitaux de Paris,https://ror.org/00pg5jh14
Assistance Publique - Hôpitaux Paris,Assistance Publique – Hôpitaux de Paris,https://ror.org/00pg5jh14
Assistance Publique - Hôpitaux  de Paris,Assistance Publique – Hôpitaux de Paris,https://ror.org/00pg5jh14
Assistance Publique - Hôpitaux Paris (Direction de la Recherche Clinique et de l’Innovation),Assistance Publique – Hôpitaux de Paris,https://ror.org/00pg5jh14
Association Pour La Promotion A Tours De La Reanimation Medicale,Association pour la promotion à Tours de la réanimation médicale,
Association pour la promotion de la réanimation médicale Ã  Tours,Association pour la promotion à Tours de la réanimation médicale,
AstraZeneca,AstraZeneca,https://ror.org/04r9x1a08
AstraZeneca AB,AstraZeneca,https://ror.org/04r9x1a08
AstraZeneca SAS,AstraZeneca,https://ror.org/04r9x1a08
AstraZeneca S.A.S,AstraZeneca,https://ror.org/04r9x1a08
Bristol-Myers Squibb,Bristol-Myers Squibb,https://ror.org/00gtmwv55
Bristol-Myers Squibb International Corporation,Bristol-Myers Squibb,https://ror.org/00gtmwv55
Bristol Myers Squibb International Corporation,Bristol-Myers Squibb,https://ror.org/00gtmwv55
"Juno Therapeutics, Inc., a Bristol-Myers Squibb Company",Bristol-Myers Squibb,https://ror.org/00gtmwv55
Bristol-Meyers Squibb International Corporation,Bristol-Myers Squibb,https://ror.org/00gtmwv55
"Turning Point Therapeutics, Inc. (a wholly owned subsidiary of Bristol Myers Squibb Company)",Bristol-Myers Squibb,https://ror.org/00gtmwv55
Bristol Myers Squibb,Bristol-Myers Squibb,https://ror.org/00gtmwv55
Bristol-Myers Squibb Company,Bristol-Myers Squibb,https://ror.org/00gtmwv55
Centre Francois Baclesse,Centre François-Baclesse,https://ror.org/02x9y0j10
Centre François baclesse,Centre François-Baclesse,https://ror.org/02x9y0j10
"Centre Francois Baclesse, Luxembourg",Centre François-Baclesse,https://ror.org/02x9y0j10
Centre Hospitalier Annecy Genevois,Centre hospitalier Annecy Genevois,https://ror.org/03deam493
Versailles Hospital,Centre Hospitalier de Versailles,https://ror.org/053evvt91
Centre Hospitalier de Versailles,Centre Hospitalier de Versailles,https://ror.org/053evvt91
Centre Hospitalier Departemental Vendee,Centre hospitalier départemental Vendée de La Roche-sur-Yon,https://ror.org/05epqd940
Centre Hospitalier Départemental Vendée,Centre hospitalier départemental Vendée de La Roche-sur-Yon,https://ror.org/05epqd940
Centre Hospitalier Départemental Vendée de la Roche sur Yon,Centre hospitalier départemental Vendée de La Roche-sur-Yon,https://ror.org/05epqd940
Centre Hospitalier Esquirol,Centre hospitalier Esquirol,https://ror.org/02qxa1v47
Centre Hospitalier Henri Laborit,Centre Hospitalier Henri Laborit,https://ror.org/03ytpa045
Centre Hospitalier Intercommunal de Toulon La Seyne sur Mer,Centre Hospitalier Intercommunal de Toulon La Seyne sur Mer,https://ror.org/04wqvjr21
Centre Hospitalier Intercommunal de Toulon - La Seyne sur Mer,Centre Hospitalier Intercommunal de Toulon La Seyne sur Mer,https://ror.org/04wqvjr21
Centre Hospitalier le Mans,Centre Hospitalier le Mans,https://ror.org/03bf2nz41
Hôpital le Vinatier,Centre hospitalier Le Vinatier,https://ror.org/04c3yce28
Centre Hospitalier Le Vinatier,Centre hospitalier Le Vinatier,https://ror.org/04c3yce28
Centre Hospitalier Metropole Savoie,Centre hospitalier Métropole Savoie,https://ror.org/01r35jx22
Centre Hospitalier Régional d'Orléans,Centre hospitalier régional d'Orléans,https://ror.org/04yvax419
CHR d'ORLEANS,Centre hospitalier régional d'Orléans,https://ror.org/04yvax419
"Central Hospital, Nancy, France",Centre hospitalier régional et universitaire de Nancy,https://ror.org/016ncsr12
CHRU DE NANCY,Centre hospitalier régional et universitaire de Nancy,https://ror.org/016ncsr12
Centre Hospitalier Universitaire de Nancy,Centre hospitalier régional et universitaire de Nancy,https://ror.org/016ncsr12
CHRU NANCY,Centre hospitalier régional et universitaire de Nancy,https://ror.org/016ncsr12
University of Nancy,Centre hospitalier régional et universitaire de Nancy,https://ror.org/016ncsr12
CHU DE NANCY,Centre hospitalier régional et universitaire de Nancy,https://ror.org/016ncsr12
Centre Hospitalier de Nancy,Centre hospitalier régional et universitaire de Nancy,https://ror.org/016ncsr12
Maternté Régionale Universitaire de Nancy,Centre hospitalier régional et universitaire de Nancy,https://ror.org/016ncsr12
Maternite Regionale Universitaire de Nancy,Centre hospitalier régional et universitaire de Nancy,https://ror.org/016ncsr12
Centre Hospitalier Universitaire  DE NANCY,Centre hospitalier régional et universitaire de Nancy,https://ror.org/016ncsr12
Centre Hospitalier Régional Universitaire de Nancy,Centre hospitalier régional et universitaire de Nancy,https://ror.org/016ncsr12
CHU DE NANCY -  DIRECTION DE LA RECHERCHE CLINIQUE ET DE L'INNOVATION,Centre hospitalier régional et universitaire de Nancy,https://ror.org/016ncsr12
maternite régionale de nancy,Centre hospitalier régional et universitaire de Nancy,https://ror.org/016ncsr12
Centre Hospitalier Régional Metz-Thionville,Centre Hospitalier Régional Metz-Thionville,https://ror.org/02d741577
Centre Hospitalier Universitaire de Besancon,Centre hospitalier régional universitaire de Besançon,https://ror.org/0084te143
CHU de Besancon,Centre hospitalier régional universitaire de Besançon,https://ror.org/0084te143
Centre Hospitalier Régional Universitaire de Besancon,Centre hospitalier régional universitaire de Besançon,https://ror.org/0084te143
Centre Hospitalier Universitaire de Besançon,Centre hospitalier régional universitaire de Besançon,https://ror.org/0084te143
CHU de Besançon,Centre hospitalier régional universitaire de Besançon,https://ror.org/0084te143
Centre Hospitalier Régional Universitaire de Besançon,Centre hospitalier régional universitaire de Besançon,https://ror.org/0084te143
CHU Besançon,Centre hospitalier régional universitaire de Besançon,https://ror.org/0084te143
CHRU de Besançon,Centre hospitalier régional universitaire de Besançon,https://ror.org/0084te143
CHRU Besançon,Centre hospitalier régional universitaire de Besançon,https://ror.org/0084te143
Hopital Jean Minjoz,Centre hospitalier régional universitaire de Besançon,https://ror.org/0084te143
"University Hospital, Lille",Centre hospitalier régional universitaire de Lille,https://ror.org/02ppyfa04
CHRU de Lille,Centre hospitalier régional universitaire de Lille,https://ror.org/02ppyfa04
Centre Hospitalier Régional et Universitaire de Lille,Centre hospitalier régional universitaire de Lille,https://ror.org/02ppyfa04
Centre Hospitalier Régional Universitaire Lille,Centre hospitalier régional universitaire de Lille,https://ror.org/02ppyfa04
Centre Hospitalier Universiatire de Lille,Centre hospitalier régional universitaire de Lille,https://ror.org/02ppyfa04
Centre Hospitalier St Anne,Centre hospitalier Sainte-Anne - GHU Paris,https://ror.org/02kxjxy06
Centre Hospitalier Sainte-Anne,Centre hospitalier Sainte-Anne - GHU Paris,https://ror.org/02kxjxy06
Centre Hospitalier Saint Joseph Saint Luc de Lyon,Centre hospitalier Saint-Joseph et Saint-Luc,https://ror.org/03vn1xq77
"Centre Hospitalier Charles Perrens, Bordeaux",Centre hospitalier spécialisé Charles-Perrens,https://ror.org/04q33ey84
Centre Hospitalier Sud Francilien,Centre Hospitalier Sud Francilien,https://ror.org/0246mbd04
"Centre Hospitalier Universitaire, Amiens",Centre hospitalier universitaire d'Amiens - Picardie,https://ror.org/010567a58
CHU Amiens-Picardie,Centre hospitalier universitaire d'Amiens - Picardie,https://ror.org/010567a58
CHU AMIENS,Centre hospitalier universitaire d'Amiens - Picardie,https://ror.org/010567a58
CHU Amiens Picardie,Centre hospitalier universitaire d'Amiens - Picardie,https://ror.org/010567a58
CHU d'Amiens,Centre hospitalier universitaire d'Amiens - Picardie,https://ror.org/010567a58
Centre hospitalier universitaire d'Amiens,Centre hospitalier universitaire d'Amiens - Picardie,https://ror.org/010567a58
"University Hospital, Angers",Centre hospitalier universitaire d'Angers,https://ror.org/0250ngj72
CHU Angers,Centre hospitalier universitaire d'Angers,https://ror.org/0250ngj72
CHU d'Angers,Centre hospitalier universitaire d'Angers,https://ror.org/0250ngj72
Centre Hospitalier Universitaire d'Angers,Centre hospitalier universitaire d'Angers,https://ror.org/0250ngj72
UHangers,Centre hospitalier universitaire d'Angers,https://ror.org/0250ngj72
"CHU Angers, directeur général, Yvonnick Morice",Centre hospitalier universitaire d'Angers,https://ror.org/0250ngj72
CHU Angers-DAMR,Centre hospitalier universitaire d'Angers,https://ror.org/0250ngj72
"University Hospital, Bordeaux",Centre hospitalier universitaire de Bordeaux,https://ror.org/01hq89f96
CHU de Bordeaux,Centre hospitalier universitaire de Bordeaux,https://ror.org/01hq89f96
University of Bordeaux,Centre hospitalier universitaire de Bordeaux,https://ror.org/01hq89f96
Centre Hospitalier Universitaire de Bordeaux,Centre hospitalier universitaire de Bordeaux,https://ror.org/01hq89f96
"CENTRE HOSPITALIER UNIVERSITAIRE DE BORDEAUX, ETABLISSEMENT PUBLIC",Centre hospitalier universitaire de Bordeaux,https://ror.org/01hq89f96
"University Hospital, Brest",Centre hospitalier universitaire de Brest,https://ror.org/03evbwn87
CHRU de Brest,Centre hospitalier universitaire de Brest,https://ror.org/03evbwn87
CHU de BREST,Centre hospitalier universitaire de Brest,https://ror.org/03evbwn87
CHRU BREST,Centre hospitalier universitaire de Brest,https://ror.org/03evbwn87
"University Hospital, Caen",Centre hospitalier universitaire de Caen,https://ror.org/027arzy69
CHU CAEN,Centre hospitalier universitaire de Caen,https://ror.org/027arzy69
CHU de Caen,Centre hospitalier universitaire de Caen,https://ror.org/027arzy69
CHU CAEN Normandie,Centre hospitalier universitaire de Caen,https://ror.org/027arzy69
Université de Caen Normandie,Centre hospitalier universitaire de Caen,https://ror.org/027arzy69
"University Hospital, Clermont-Ferrand",Centre hospitalier universitaire de Clermont-Ferrand,https://ror.org/02tcf7a68
CHU de clermont-Ferrand,Centre hospitalier universitaire de Clermont-Ferrand,https://ror.org/02tcf7a68
CHU Clermont-Ferrand,Centre hospitalier universitaire de Clermont-Ferrand,https://ror.org/02tcf7a68
CHU  de Clermont-ferrand,Centre hospitalier universitaire de Clermont-Ferrand,https://ror.org/02tcf7a68
Centre Hospitalier Universitaire Dijon,Centre hospitalier universitaire de Dijon,https://ror.org/0377z4z10
CHU Dijon,Centre hospitalier universitaire de Dijon,https://ror.org/0377z4z10
CHU Dijon Bourgogne,Centre hospitalier universitaire de Dijon,https://ror.org/0377z4z10
CHU de DIJON,Centre hospitalier universitaire de Dijon,https://ror.org/0377z4z10
Centre Hospitalier Universitaire (CHU) de Dijon,Centre hospitalier universitaire de Dijon,https://ror.org/0377z4z10
Centre Hospitalier Universitaire de la Réunion,Centre Hospitalier Universitaire de la Réunion,https://ror.org/004dan487
CHU de la Réunion,Centre Hospitalier Universitaire de la Réunion,https://ror.org/004dan487
"University Hospital, Limoges",Centre hospitalier universitaire de Limoges,https://ror.org/01tc2d264
CHU de Limoges,Centre hospitalier universitaire de Limoges,https://ror.org/01tc2d264
Centre Hospital Regional Universitaire de Limoges,Centre hospitalier universitaire de Limoges,https://ror.org/01tc2d264
Limoges Hospital,Centre hospitalier universitaire de Limoges,https://ror.org/01tc2d264
University Hospital Center of Martinique,Centre hospitalier universitaire de Martinique,https://ror.org/0376kfa34
"University Hospital, Montpellier",Centre Hospitalier Universitaire de Montpellier,https://ror.org/00mthsf17
University hospital of Montpellier,Centre Hospitalier Universitaire de Montpellier,https://ror.org/00mthsf17
uh Montpellier,Centre Hospitalier Universitaire de Montpellier,https://ror.org/00mthsf17
CHRU Montpellier,Centre Hospitalier Universitaire de Montpellier,https://ror.org/00mthsf17
Centre Hospitalier Régional Universitaire Montpellier,Centre Hospitalier Universitaire de Montpellier,https://ror.org/00mthsf17
"CHRU Montpellier- Direction de la Recherche, Partenariats et Réseaux, Relations avec l'Université",Centre Hospitalier Universitaire de Montpellier,https://ror.org/00mthsf17
CHRU Montpellier - Direction de la Recherche,Centre Hospitalier Universitaire de Montpellier,https://ror.org/00mthsf17
CHU Montpellier,Centre Hospitalier Universitaire de Montpellier,https://ror.org/00mthsf17
Centre Hospitalier Universitaire de Montpellier,Centre Hospitalier Universitaire de Montpellier,https://ror.org/00mthsf17
"CHRU Montpellier - Direction de la Recherche, Partenariats et Réseaux, Relations avec l'Université",Centre Hospitalier Universitaire de Montpellier,https://ror.org/00mthsf17
"Centre Hospitalier Universitaire de Montpellier                              Direction Recherche, Qu",Centre Hospitalier Universitaire de Montpellier,https://ror.org/00mthsf17
Université Montpellier,Centre Hospitalier Universitaire de Montpellier,https://ror.org/00mthsf17
Nantes University Hospital,Centre hospitalier universitaire de Nantes,https://ror.org/05c1qsg97
CHU de Nantes,Centre hospitalier universitaire de Nantes,https://ror.org/05c1qsg97
CHU Nantes,Centre hospitalier universitaire de Nantes,https://ror.org/05c1qsg97
Nantes CHU,Centre hospitalier universitaire de Nantes,https://ror.org/05c1qsg97
Centre Hospitalier Universitaire de Nantes,Centre hospitalier universitaire de Nantes,https://ror.org/05c1qsg97
CHU  de Nantes,Centre hospitalier universitaire de Nantes,https://ror.org/05c1qsg97
Université de Nantes,Centre hospitalier universitaire de Nantes,https://ror.org/05c1qsg97
CHU of Nantes,Centre hospitalier universitaire de Nantes,https://ror.org/05c1qsg97
Centre Hospitalier Universitaire de Nice,Centre hospitalier universitaire de Nice,https://ror.org/05qsjq305
CHU DE NICE,Centre hospitalier universitaire de Nice,https://ror.org/05qsjq305
CHU NICE,Centre hospitalier universitaire de Nice,https://ror.org/05qsjq305
Nice University Hospital,Centre hospitalier universitaire de Nice,https://ror.org/05qsjq305
Centre Hospitalier Universitaire de Nīmes,Centre hospitalier universitaire de Nîmes,https://ror.org/0275ye937
CHU de Nîmes,Centre hospitalier universitaire de Nîmes,https://ror.org/0275ye937
CHU de NIMES,Centre hospitalier universitaire de Nîmes,https://ror.org/0275ye937
University of Nimes,Centre hospitalier universitaire de Nîmes,https://ror.org/0275ye937
Nimes University Hospital,Centre hospitalier universitaire de Nîmes,https://ror.org/0275ye937
Centre Hospitalier Universitaire de Nîmes,Centre hospitalier universitaire de Nîmes,https://ror.org/0275ye937
Poitiers University Hospital,Centre hospitalier universitaire de Poitiers,https://ror.org/029s6hd13
CHU de Poitiers,Centre hospitalier universitaire de Poitiers,https://ror.org/029s6hd13
University of Poitiers,Centre hospitalier universitaire de Poitiers,https://ror.org/029s6hd13
CHU POITIERS,Centre hospitalier universitaire de Poitiers,https://ror.org/029s6hd13
CHU de Reims,Centre hospitalier universitaire de Reims,https://ror.org/01jbb3w63
Université de Reims Champagne-Ardenne,Centre hospitalier universitaire de Reims,https://ror.org/01jbb3w63
Centre Hospitalier Universitaire de Reims,Centre hospitalier universitaire de Reims,https://ror.org/01jbb3w63
Rennes University Hospital,Centre hospitalier universitaire de Rennes,https://ror.org/05qec5a53
CHU de Rennes,Centre hospitalier universitaire de Rennes,https://ror.org/05qec5a53
CHU Rennes,Centre hospitalier universitaire de Rennes,https://ror.org/05qec5a53
C.H.U. de RENNES,Centre hospitalier universitaire de Rennes,https://ror.org/05qec5a53
Centre Hospitalier Universitaire de Rennes,Centre hospitalier universitaire de Rennes,https://ror.org/05qec5a53
Centre Hospitalier Universitaire Rennes,Centre hospitalier universitaire de Rennes,https://ror.org/05qec5a53
CHU of Rennes,Centre hospitalier universitaire de Rennes,https://ror.org/05qec5a53
"University Hospital, Rouen",Centre hospitalier universitaire de Rouen,https://ror.org/00cxy0s05
CHU-Hôpitaux de ROUEN,Centre hospitalier universitaire de Rouen,https://ror.org/00cxy0s05
CHU - Hôpitaux de Rouen,Centre hospitalier universitaire de Rouen,https://ror.org/00cxy0s05
CHU de Rouen,Centre hospitalier universitaire de Rouen,https://ror.org/00cxy0s05
Rouen University Hospital,Centre hospitalier universitaire de Rouen,https://ror.org/00cxy0s05
CHU-HOPITAUX DE ROUEN,Centre hospitalier universitaire de Rouen,https://ror.org/00cxy0s05
University of Rouen Normandie,Centre hospitalier universitaire de Rouen,https://ror.org/00cxy0s05
CHU- Hôpitaux de Rouen,Centre hospitalier universitaire de Rouen,https://ror.org/00cxy0s05
Direction de la Recherche Clinique et de l’Innovation – CHU de Rouen,Centre hospitalier universitaire de Rouen,https://ror.org/00cxy0s05
CHU  - Hôpitaux de Rouen,Centre hospitalier universitaire de Rouen,https://ror.org/00cxy0s05
Centre Hospitalier Universitaire de Saint Etienne,Centre hospitalier universitaire de Saint-Étienne,https://ror.org/04pn6vp43
CHU de Saint Etienne,Centre hospitalier universitaire de Saint-Étienne,https://ror.org/04pn6vp43
CHU Saint-Etienne,Centre hospitalier universitaire de Saint-Étienne,https://ror.org/04pn6vp43
CHU de Saint-Etienne,Centre hospitalier universitaire de Saint-Étienne,https://ror.org/04pn6vp43
"University Hospital, Toulouse",Centre hospitalier universitaire de Toulouse,https://ror.org/017h5q109
CHU TOULOUSE,Centre hospitalier universitaire de Toulouse,https://ror.org/017h5q109
CHU de Toulouse,Centre hospitalier universitaire de Toulouse,https://ror.org/017h5q109
Centre Hospitalier de Toulouse,Centre hospitalier universitaire de Toulouse,https://ror.org/017h5q109
University Paul Sabatier of Toulouse,Centre hospitalier universitaire de Toulouse,https://ror.org/017h5q109
University Hospital Toulouse,Centre hospitalier universitaire de Toulouse,https://ror.org/017h5q109
University Hospital of Toulouse,Centre hospitalier universitaire de Toulouse,https://ror.org/017h5q109
Toulouse University Hospital,Centre hospitalier universitaire de Toulouse,https://ror.org/017h5q109
UHToulouse,Centre hospitalier universitaire de Toulouse,https://ror.org/017h5q109
"University Hospital, Tours",Centre hospitalier universitaire de Tours,https://ror.org/00jpq0w62
CHRU de TOURS,Centre hospitalier universitaire de Tours,https://ror.org/00jpq0w62
CHRU TOURS,Centre hospitalier universitaire de Tours,https://ror.org/00jpq0w62
CHRU-Tours,Centre hospitalier universitaire de Tours,https://ror.org/00jpq0w62
"University Hospital, Grenoble",Centre hospitalier universitaire Grenoble-Alpes,https://ror.org/041rhpw39
University Hospital Grenoble,Centre hospitalier universitaire Grenoble-Alpes,https://ror.org/041rhpw39
University Grenoble Alps,Centre hospitalier universitaire Grenoble-Alpes,https://ror.org/041rhpw39
Centre Hospitalier Universitaire de Grenoble,Centre hospitalier universitaire Grenoble-Alpes,https://ror.org/041rhpw39
University Hospital of Grenoble,Centre hospitalier universitaire Grenoble-Alpes,https://ror.org/041rhpw39
CHU de GRENOBLE,Centre hospitalier universitaire Grenoble-Alpes,https://ror.org/041rhpw39
CHU Grenoble-Alpes,Centre hospitalier universitaire Grenoble-Alpes,https://ror.org/041rhpw39
CHU GRENOBLE ALPES,Centre hospitalier universitaire Grenoble-Alpes,https://ror.org/041rhpw39
CHU GRENOBLE,Centre hospitalier universitaire Grenoble-Alpes,https://ror.org/041rhpw39
UniversityHospitalGrenoble,Centre hospitalier universitaire Grenoble-Alpes,https://ror.org/041rhpw39
Grenoble Alps University Hospital,Centre hospitalier universitaire Grenoble-Alpes,https://ror.org/041rhpw39
Grenoble University Hospital,Centre hospitalier universitaire Grenoble-Alpes,https://ror.org/041rhpw39
Université Joseph Fourier,Centre hospitalier universitaire Grenoble-Alpes,https://ror.org/041rhpw39
Centre Léon Bérard,Centre Léon-Bérard,https://ror.org/01cmnjq37
Hôpital Léon Bérard,Centre Léon-Bérard,https://ror.org/01cmnjq37
Centre Leon Berard,Centre Léon-Bérard,https://ror.org/01cmnjq37
Centre Oscar Lambret,Centre Oscar Lambret,https://ror.org/03xfq7a50
CMC Ambroise Paré,Clinique Ambroise Paré,https://ror.org/047wq3n50
Clinique Pasteur,Clinique Pasteur,https://ror.org/03er61e50
Cliniques universitaires Saint-Luc- Université Catholique de Louvain,Cliniques universitaires Saint-Luc,https://ror.org/03s4khd80
Cliniques Universitaires Saint-Luc (CUSL),Cliniques universitaires Saint-Luc,https://ror.org/03s4khd80
Cliniques Universitaires Saint Luc-Centre du Cancer,Cliniques universitaires Saint-Luc,https://ror.org/03s4khd80
Cliniques Universitaires St Luc,Cliniques universitaires Saint-Luc,https://ror.org/03s4khd80
Cliniques Universitaires Saint-Luc,Cliniques universitaires Saint-Luc,https://ror.org/03s4khd80
Fondation Lenval,Fondation Lenval,https://ror.org/04cfjax51
Fondation Lenval - Hôpitaux Pédiatriques de Nice CHU-LENVAL,Fondation Lenval,https://ror.org/04cfjax51
Fondation Lenval - Hôpitaux Pédiatriques de Nice CHULENVAL,Fondation Lenval,https://ror.org/04cfjax51
Hôpital Charles Foix,Assistance Publique – Hôpitaux de Paris,https://ror.org/00pg5jh14
Groupe Hospitalier Diaconesses Croix Saint-Simon,Groupe Hospitalier Diaconesses Croix Saint-Simon,https://ror.org/01zwdgr60
Fondation Oeuvre de la Croix Saint-Simon,Groupe Hospitalier Diaconesses Croix Saint-Simon,https://ror.org/01zwdgr60
Groupe Hospitalier du Havre,Groupe hospitalier du Havre,https://ror.org/02pve7657
Groupe Hospitalier Paris Saint-Joseph,Groupe hospitalier Paris Saint-Joseph,https://ror.org/046bx1082
Groupe Hospitalier de la Region de Mulhouse et Sud Alsace,Groupe Hospitalier Région Mulhouse et Sud Alsace,https://ror.org/054jcxz87
Lille Catholic University,Groupement des hôpitaux de l'institut catholique de Lille,https://ror.org/03wr2ty35
Groupement des Hôpitaux de l’Institut Catholique de Lille,Groupement des hôpitaux de l'institut catholique de Lille,https://ror.org/03wr2ty35
GROUPEMENT DES HOPITAUX DE L'INSTITUT CATHOLIQUE DE LILLE,Groupement des hôpitaux de l'institut catholique de Lille,https://ror.org/03wr2ty35
Groupement des Hôpitaux de l'Institut Catholique de Lille (GHICL),Groupement des hôpitaux de l'institut catholique de Lille,https://ror.org/03wr2ty35
Groupement des Hôpitaux de l’Institut Catholique de Lille (GHICL),Groupement des hôpitaux de l'institut catholique de Lille,https://ror.org/03wr2ty35
Groupement Hospitalier Intercommunal du Vexin,Groupement Hospitalier Intercommunal du Vexin,https://ror.org/01mqmer16
Hoffmann-La Roche,Hoffmann-La Roche,https://ror.org/01mqmer16
F. Hoffmann-La Roche Ltd,Hoffmann-La Roche,https://ror.org/01mqmer16
Groupe Hospitalier de la Rochelle Ré Aunis,Hoffmann-La Roche,https://ror.org/01mqmer16
ROCHE,Hoffmann-La Roche,https://ror.org/01mqmer16
F.Hoffmann-La Roche Ltd,Hoffmann-La Roche,https://ror.org/01mqmer16
F.Hoffmann-La Roche Ltd.,Hoffmann-La Roche,https://ror.org/01mqmer16
ROCHE SAS,Hoffmann-La Roche,https://ror.org/01mqmer16
F. Hoffmann-La Roche Ltd.,Hoffmann-La Roche,https://ror.org/01mqmer16
F. Hoffmann-La Roche,Hoffmann-La Roche,https://ror.org/01mqmer16
F Hoffmann-La Roche Ltd,Hoffmann-La Roche,https://ror.org/01mqmer16
F.Hoffmann-La Roche,Hoffmann-La Roche,https://ror.org/01mqmer16
F. Hoffman-La Roche Ltd.,Hoffmann-La Roche,https://ror.org/01mqmer16
F.  Hoffmann-La Roche Ltd,Hoffmann-La Roche,https://ror.org/01mqmer16
F. Hoffmann La-Roche Ltd,Hoffmann-La Roche,https://ror.org/01mqmer16
Hospital Ambroise Paré Paris,Assistance Publique – Hôpitaux de Paris,https://ror.org/00pg5jh14
"Association REDAR, Hôpital Ambroise Paré, Service d'Anesthésie et de Réanimation",Assistance Publique – Hôpitaux de Paris,https://ror.org/00pg5jh14
Hôpital Armand Trousseau,Assistance Publique – Hôpitaux de Paris,https://ror.org/00pg5jh14
Club d'Anesthésie-Réanimation Pédiatrique Armand Trousseau,Assistance Publique – Hôpitaux de Paris,https://ror.org/00pg5jh14
Bicetre Hospital,Assistance Publique – Hôpitaux de Paris,https://ror.org/00pg5jh14
Groupe Hospitalier Pitie-Salpetriere,Assistance Publique – Hôpitaux de Paris,https://ror.org/00pg5jh14
Pitié-Salpêtrière Hospital,Assistance Publique – Hôpitaux de Paris,https://ror.org/00pg5jh14
Groupe Hospitalier Pitie-Salpetriere,Assistance Publique – Hôpitaux de Paris,https://ror.org/00pg5jh14
"Centre hospitalier de Ville-Evrard, France",Hôpital de Ville-Évrard,https://ror.org/02xnj2427
Centre Hospitalier National d'Ophtalmologie des Quinze-Vingts,Hôpital des Quinze-Vingts,https://ror.org/024v1ns19
European Georges Pompidou Hospital,Assistance Publique – Hôpitaux de Paris,https://ror.org/00pg5jh14
Hôpital Européen Marseille,Hôpital Européen Marseille,https://ror.org/01tfhsg94
Hopital Foch,Hôpital Foch,https://ror.org/058td2q88
Hôpital FOCH,Hôpital Foch,https://ror.org/058td2q88
Fondation Ophtalmologique Adolphe de Rothschild,Hôpital Fondation Adolphe-de-Rothschild,https://ror.org/02mdxv534
Hôpital Fondation Adolphe de Rothschild,Hôpital Fondation Adolphe-de-Rothschild,https://ror.org/02mdxv534
Hôpital Rothschild,Hôpital Fondation Adolphe-de-Rothschild,https://ror.org/02mdxv534
Hôpital Fondation A. de Rothschild / Service de recherche clinique,Hôpital Fondation Adolphe-de-Rothschild,https://ror.org/02mdxv534
Henri Mondor University Hospital,Assistance Publique – Hôpitaux de Paris,https://ror.org/00pg5jh14
Centre Hospitalier Intercommunal Creteil,Hôpital intercommunal de Créteil,https://ror.org/04n1nkp35
Centre Hospitalier Intercommunal de Créteil,Hôpital intercommunal de Créteil,https://ror.org/04n1nkp35
CHI Créteil,Hôpital intercommunal de Créteil,https://ror.org/04n1nkp35
Hopital Lariboisière,Assistance Publique – Hôpitaux de Paris,https://ror.org/00pg5jh14
Hôpital Necker-Enfants Malades,Assistance Publique – Hôpitaux de Paris,https://ror.org/00pg5jh14
Hôpital NOVO,Hôpital NOVO,
Fondation Hôpital Saint-Joseph,Hôpital Saint-Joseph de Marseille,https://ror.org/0219xsk19
"Hospital St. Joseph, Marseille, France",Hôpital Saint-Joseph de Marseille,https://ror.org/0219xsk19
HOPITAL SAINT JOSEPH,Hôpital Saint-Joseph de Marseille,https://ror.org/0219xsk19
"University Hospital, Strasbourg, France",Hôpitaux universitaires de Strasbourg,https://ror.org/04bckew43
IHU Strasbourg,Hôpitaux universitaires de Strasbourg,https://ror.org/04bckew43
Hôpitaux Universitaires de Strasbourg,Hôpitaux universitaires de Strasbourg,https://ror.org/04bckew43
Les Hôpitaux Universitaires de Strasbourg,Hôpitaux universitaires de Strasbourg,https://ror.org/04bckew43
Tourcoing Hospital,Centre Hospitalier de Tourcoing,https://ror.org/02carhc19
Centre Hospitalier de Tourcoing,Centre Hospitalier de Tourcoing,https://ror.org/02carhc19
CH Tourcoing,Centre Hospitalier de Tourcoing,https://ror.org/02carhc19
Hospices Civils de Lyon,Hospices Civils de Lyon,https://ror.org/01502ca60
Hospices Civils de Lyon - Direction de la Recherche Clinique et de l'Innovation,Hospices Civils de Lyon,https://ror.org/01502ca60
Hospics Civils de Lyon,Hospices Civils de Lyon,https://ror.org/01502ca60
Hospices Civils de Lyon - Direction de la Recherche Clinique,Hospices Civils de Lyon,https://ror.org/01502ca60
Centre Hospitalier Lyon Sud,Hospices Civils de Lyon,https://ror.org/01502ca60
Hôpital Edouard Herriot,Hospices Civils de Lyon,https://ror.org/01502ca60
Institut Bergonié,Institut Bergonié,https://ror.org/02yw1f353
Institut Bergonié - Centre Régional de Lutte Contre le Cancer de Bordeaux et du Sud-ouest,Institut Bergonié,https://ror.org/02yw1f353
INSTITUT BERGONIE,Institut Bergonié,https://ror.org/02yw1f353
Institut Claudius Regaud,Institut Claudius-Regaud,https://ror.org/03pa87f90
Institut Curie,Institut Curie,https://ror.org/04t0gwh46
Institut Cancerologie de l'Ouest,Institut de cancérologie de l'Ouest,https://ror.org/01m6as704
Institut Claudius Regaud,Institut de cancérologie de l'Ouest,https://ror.org/01m6as704
Centre René Gauducheau,Institut de cancérologie de l'Ouest,https://ror.org/01m6as704
INSTITUT DE CANCEROLOGIE DE L'OUEST RENE GAUDUCHEAU,Institut de cancérologie de l'Ouest,https://ror.org/01m6as704
Institut du Cancer de Montpellier - Val d'Aurelle,Institut de recherche en cancérologie de Montpellier,https://ror.org/03capj968
Institut régional du Cancer de Montpellier,Institut de recherche en cancérologie de Montpellier,https://ror.org/03capj968
Institut régional du cancer de Montpellier (ICM),Institut de recherche en cancérologie de Montpellier,https://ror.org/03capj968
Institut régional du Cancer - Montpellier - Val d'Aurelle,Institut de recherche en cancérologie de Montpellier,https://ror.org/03capj968
Institut du Cancer de Montpellier,Institut de recherche en cancérologie de Montpellier,https://ror.org/03capj968
Institut Regional du Cancer de Montpellier,Institut de recherche en cancérologie de Montpellier,https://ror.org/03capj968
Institut Régional de Cancerologie de Montpellier - Val d’Aurelle,Institut de recherche en cancérologie de Montpellier,https://ror.org/03capj968
ICM- VAL D’AURELLE,Institut de recherche en cancérologie de Montpellier,https://ror.org/03capj968
Centre Régional de Lutte contre le Cancer Val d'Aurelle- Paul Lamarque,Institut de recherche en cancérologie de Montpellier,https://ror.org/03capj968
Centre Val d'Aurelle - Paul Lamarque,Institut de recherche en cancérologie de Montpellier,https://ror.org/03capj968
Centre Val d'Aurelle Paul Lamarque,Institut de recherche en cancérologie de Montpellier,https://ror.org/03capj968
"Gustave Roussy, Cancer Campus, Grand Paris",Institut Gustave-Roussy,https://ror.org/0321g0743
Gustave Roussy,Institut Gustave-Roussy,https://ror.org/0321g0743
Institut Gustave Roussy,Institut Gustave-Roussy,https://ror.org/0321g0743
Institut de cancérologie Gustave Roussy,Institut Gustave-Roussy,https://ror.org/0321g0743
"Institut National de la Santé Et de la Recherche Médicale, France",Institut national de la santé et de la recherche médicale,https://ror.org/02vjkv261
INSERM,Institut national de la santé et de la recherche médicale,https://ror.org/02vjkv261
Inserm-ANRS,Institut national de la santé et de la recherche médicale,https://ror.org/02vjkv261
Paris Cardiovascular Research Center (Inserm U970),Institut national de la santé et de la recherche médicale,https://ror.org/02vjkv261
INSERM ANRS,Institut national de la santé et de la recherche médicale,https://ror.org/02vjkv261
Inserm U955,Institut national de la santé et de la recherche médicale,https://ror.org/02vjkv261
"Institut National de Recherche pour l'Agriculture, l'Alimentation et l'Environnement","Institut National de Recherche pour l'Agriculture, l'Alimentation et l'Environnement",https://ror.org/003vg9w96
INRAE,"Institut National de Recherche pour l'Agriculture, l'Alimentation et l'Environnement",https://ror.org/003vg9w96
Institut Paoli-Calmettes,Institut Paoli-Calmettes,https://ror.org/04s3t1g37
INSTITUT PAOLI CALMETTES,Institut Paoli-Calmettes,https://ror.org/04s3t1g37
Institut Paoli Calmette,Institut Paoli-Calmettes,https://ror.org/04s3t1g37
Institut Pasteur,Institut Pasteur,https://ror.org/0495fxg12
Institut Pasteur de Lille,Institut Pasteur de Lille,https://ror.org/05k9skc85
Novartis Pharmaceuticals,Novartis,https://ror.org/02f9zrr09
Novartis Pharma Services AG,Novartis,https://ror.org/02f9zrr09
Novartis,Novartis,https://ror.org/02f9zrr09
Novartis Pharma AG,Novartis,https://ror.org/02f9zrr09
Novartis Pharma S.A.S.,Novartis,https://ror.org/02f9zrr09
Novartis Gene Therapies,Novartis,https://ror.org/02f9zrr09
Novartis Pharma S.A.S,Novartis,https://ror.org/02f9zrr09
Novartis Services AG,Novartis,https://ror.org/02f9zrr09
Novartis Consumer Health SA,Novartis,https://ror.org/02f9zrr09
Novartis Pharma Services,Novartis,https://ror.org/02f9zrr09
Novartis Pharma,Novartis,https://ror.org/02f9zrr09
Novartis Pharma GmbH,Novartis,https://ror.org/02f9zrr09
NOVARTIS PHARMA SAS,Novartis,https://ror.org/02f9zrr09
"Alcon, a Novartis Company",Novartis,https://ror.org/02f9zrr09
Novartis Pharma Service AG,Novartis,https://ror.org/02f9zrr09
Sanofi,Sanofi,https://ror.org/02n6c9837
"Genzyme, a Sanofi Company",Sanofi,https://ror.org/02n6c9837
"Sanofi Pasteur, a Sanofi Company",Sanofi,https://ror.org/02n6c9837
Sanofi-Aventis Recherche & Développement,Sanofi,https://ror.org/02n6c9837
"Bioverativ, a Sanofi company",Sanofi,https://ror.org/02n6c9837
sanofi-aventis recherche et développement,Sanofi,https://ror.org/02n6c9837
sanofi-aventis groupe,Sanofi,https://ror.org/02n6c9837
"Principia Biopharma, a Sanofi Company",Sanofi,https://ror.org/02n6c9837
sanofi-aventis France,Sanofi,https://ror.org/02n6c9837
Sanofi Pasteur SA,Sanofi,https://ror.org/02n6c9837
Sanofi Pasteur MSD SNC,Sanofi,https://ror.org/02n6c9837
sanofi-aventis recherche & developpement,Sanofi,https://ror.org/02n6c9837
sanofi aventis groupe,Sanofi,https://ror.org/02n6c9837
"Ablynx, a Sanofi company",Sanofi,https://ror.org/02n6c9837
Sanofi Pasteur MSD S.N.C.,Sanofi,https://ror.org/02n6c9837
Sanofi Pasteur,Sanofi,https://ror.org/02n6c9837
Sanofi Pasteur MSD,Sanofi,https://ror.org/02n6c9837
Sanofi-Aventis Group,Sanofi,https://ror.org/02n6c9837
sanofi-aventis Recherche & D2veloppement,Sanofi,https://ror.org/02n6c9837
"Amunix, a Sanofi Company",Sanofi,https://ror.org/02n6c9837
Genzyme Europe BV,Sanofi,https://ror.org/02n6c9837
Genzyme Corporation,Sanofi,https://ror.org/02n6c9837
Genzyme Corporation and its Affiliates,Sanofi,https://ror.org/02n6c9837
Bioverativ Therapeutics Inc.,Sanofi,https://ror.org/02n6c9837
Direction Centrale du Service de Santé des Armées,Service de santé des armées,https://ror.org/0103yxp25
service de santé des armées,Service de santé des armées,https://ror.org/0103yxp25
Direction Centrale du Service de Santé des Armées (DCSSA),Service de santé des armées,https://ror.org/0103yxp25
Institut de Recherche Biomedicale des Armees,Service de santé des armées,https://ror.org/0103yxp25
DIRECTION CENTRALE DU SERVICE DE SANTE DES ARMEES,Service de santé des armées,https://ror.org/0103yxp25
Pierre and Marie Curie University,Sorbonne-Université,https://ror.org/02en5vm52
Sorbonne University,Sorbonne-Université,https://ror.org/02en5vm52
Claude Bernard University,Université Claude-Bernard-Lyon-1,https://ror.org/029brtt94
University of Lorraine,Université de Lorraine,https://ror.org/04vfs2w97
University of Versailles,Université de Versailles-Saint-Quentin-en-Yvelines,https://ror.org/03mkjjy25
Versailles Saint-Quentin-en-Yvelines University,Université de Versailles-Saint-Quentin-en-Yvelines,https://ror.org/03mkjjy25
University of Paris 5 - Rene Descartes,Université Paris-Cité,https://ror.org/05f82e368
University Paris 7 - Denis Diderot,Université Paris-Cité,https://ror.org/05f82e368
Université Sorbonne Paris Nord,Université Sorbonne-Paris-Nord,https://ror.org/0199hds37
Amgen Inc,Amgen,https://ror.org/03g03ge92
Amgen,Amgen,https://ror.org/03g03ge92
UNICANCER,Unicancer,https://ror.org/04vhgtv41